{"cameraMode":{"drawMode":0,"name":"Shaded","section":"Shading Mode"},"sceneLighting":true,"audioPlay":false,"sceneViewState":{"m_AlwaysRefresh":false,"showFog":true,"showSkybox":true,"showFlares":true,"showImageEffects":true,"showParticleSystems":true,"showVisualEffectGraphs":true,"m_FxEnabled":true},"in2DMode":false,"pivot":{"x":2.7061195373535158,"y":2.329103946685791,"z":-34.420982360839847},"rotation":{"x":-0.29651325941085818,"y":0.04920550435781479,"z":0.01545657031238079,"w":0.9545286297798157},"size":1.2247449159622193,"orthographic":false}